use avaliacao_turma;
insert into Departamento
(cod,nome)
values
('508','DEPTO CIÊNCIAS DA COMPUTAÇÃO - BRASÍLIA'),
('449','DEPARTAMENTO DE ENGENHARIA MECANICA - BRASÍLIA'),
('518','DEPARTAMENTO DE MATEMÁTICA - BRASÍLIA'),
('524','INSTITUTO DE FÍSICA - BRASÍLIA'),
('610','INSTITUTO DE QUÍMICA - BRASÍLIA');

insert into Professor 
values 
('MARCUS VINICIUS LAMAR','508'),
('WALTER DE BRITTO VIDAL FILHO','449'),
('ADAIL DE CASTRO CAVALHEIRO','518'),
('LUCIANA MARIA DIAS DE AVILA RODRIGUES','518'),
('CARLA DENISE CASTANHO','508'),
('MARCUS VINICIUS GIRAO DE MORAIS','449'),
('CLODOALDO RODRIGUES DA COSTA JUNIOR','524'),
('WYTLER CORDEIRO DOS SANTOS','524'),
('JOAO MANOEL DIAS PIMENTA','449'),
('LARISSA MICHELLE PERDIGAO NASS','610'),
('PATRICIA REGINA SOBRAL BRAGA','610'),
('ROBERTA BARBOSA OLIVEIRA','508');

insert into Disciplina
values
('CIC0003','INTRODUÇÃO AOS SISTEMAS COMPUTACIONAIS','508'),
('ENM0168','ROBOTICA INDUSTRIAL 1','449'),
('MAT0025','CÁLCULO 1','518'),
('CIC0004','ALGORITMOS E PROGRAMAÇÃO DE COMPUTADORES','508'),
('ENM0131','DESENHO MECANICO ASSISTIDO POR COMPUTADOR 1','449'),
('IFD0171','FISICA 1','524'),
('IFD0173','FISICA 1 EXPERIMENTAL','524'),
('ENM0143','INTRODUCAO A ENGENHARIA MECANICA','449'),
('IQD0125','QUIMICA GERAL TEORICA','610'),
('IQD0126','QUIMICA GERAL EXPERIMENTAL','610'),
('CIC0007','INTRODUÇÃO À CIÊNCIA DA COMPUTAÇÃO','508');

insert into Turma
(numTurma,periodo,horario,vagas_ocupadas,total_vagas,local_aula,FKcod_disciplina,FKnome_professor)
values
('04','2023.1','246T23','45','45','ICC ASS 415/10','MAT0025','ADAIL DE CASTRO CAVALHEIRO'),
('01','2023.1','35T23','43','43','PJC BT 068','CIC0003','MARCUS VINICIUS LAMAR'),
('01','2023.1','24T45','7','20','GRACO A1 14/83','ENM0168','WALTER DE BRITTO VIDAL FILHO'),
('18','2023.1','235M34','61','66','2M34(ICC ANF. 3) 35M34(ICC ANF.16)','MAT0025','LUCIANA MARIA DIAS DE AVILA RODRIGUES'),
('04','2023.1','235T45','42','42','PJC BT 117','CIC0004','CARLA DENISE CASTANHO'),
('01','2023.1','3T2345 5T45','41','42','TER: SALA 2 LCCC ULEG FT QUI: DT 43-15','ENM0131','MARCUS VINICIUS GIRAO DE MORAIS'),
('02','2023.1','35T45','50','50','PJC BT 021','IFD0171','CLODOALDO RODRIGUES DA COSTA JUNIOR'),
('01','2023.1','3T23','23','24','SALA FGA - LAB FISICA','IFD0173','WYTLER CORDEIRO DOS SANTOS'),
('01','2023.1','2M12','42','45','DT 52-15','ENM0143','JOAO MANOEL DIAS PIMENTA'),
('08','2023.1','35T23','75','80','BSA S A1 16/22','IQD0125','LARISSA MICHELLE PERDIGAO NASS'),
('01','2023.1','5M34','12','16','SALA FGA - LAB QUIMICA','IQD0126','PATRICIA REGINA SOBRAL BRAGA'),
('02','2023.1','3N12 4N34','25','25','ICC ANF.19','CIC0007','ROBERTA BARBOSA OLIVEIRA');

insert into Aluno 
(matricula,email,nome,senha,curso,adminT) 
values 
('211234567','jplima@gmail.com','João Pedro','12345','Ciência da Computação','1'),
('203287908','franciso_silva@gmail.com','Francisco da Silva','98765','Engenharia Mecanica','1'),
('197865230','bruno1999@gmail.com','Bruno Carvalho','senhaDificil','Bacharelado em Matematica','1');

insert into Avaliacao 
(comentario,nota,FKmatricula,FKidturma)
values
('comentario teste','1','203287908','3'),
('comentario teste2','1','203287908','3'),
('comentario teste3','5',197865230,'1');

insert into Denuncia
(motivo_den,outro_motivo,FKidAval,FKmatriculaDelator)
values
('Palavras de baixo calão','','1','211234567'),
('Falou alguma mentira','','1','211234567'),
('Outro','Nâo gosto desse cara','2','211234567');
